timestamp,user_id,event_type,cl0,cl1,cl2,cl3,cl4,count
2019-05-22 11:25:00,180009,PROFILE_UPDATED,343298,36,222737,214914,22780,2
2019-05-22 11:28:00,422262,PROFILE_UPDATED,14166,19939,21567,20948,11061,90
2019-05-22 20:02:00,180009,PROFILE_UPDATED,343298,36,222737,214914,22780,2
2019-05-22 20:02:00,422262,PROFILE_UPDATED,14166,19939,21567,20948,11061,6
2019-05-28 06:39:00,404132,PROFILE_CREATED,10260,192565,7035,323209,3444,1
2019-05-28 06:39:00,404132,USER_UPDATED,10260,192565,7035,323209,3444,1
2019-06-03 10:03:00,404132,PROFILE_CREATED,10260,192565,7035,323209,3444,1
2019-06-03 10:03:00,404132,USER_UPDATED,10260,192565,7035,323209,3444,1
2019-06-04 07:05:00,286382,USER_UPDATED,99999-eenfanceJDES-100012,21139,894,Clairvillage,BLEVILLE,1
2019-06-04 07:06:00,286382,PROFILE_CREATED,99999-eenfanceJDES-100012,21139,894,Clairvillage,BLEVILLE,1
2019-06-05 06:53:00,417110,PROFILE_CREATED,056931,026931,56776,016931,036931,1
2019-06-05 06:53:00,417110,USER_UPDATED,056931,026931,56776,016931,036931,1
2019-06-05 06:54:00,417110,PROFILE_CREATED,056931,026931,56776,016931,036931,6
2019-06-06 09:43:00,278583,PROFILE_CREATED,10193,4100,7956,8561,213984,1
2019-06-06 13:08:00,409555,PROFILE_CREATED,509470,396665,5927,56776,355462,3
2019-06-06 13:09:00,409555,PROFILE_CREATED,509470,396665,5927,56776,355462,1
2019-06-06 13:20:00,409555,PROFILE_UPDATED,509470,396665,5927,56776,355462,6
2019-06-06 13:21:00,409555,PROFILE_CREATED,509470,396665,5927,56776,355462,1
2019-06-07 05:59:00,276734,PROFILE_CREATED,52557,40951,42633,42413,42616,1
2019-06-12 20:31:00,409555,USER_UPDATED,509470,396665,5927,56776,355462,1
2019-06-19 04:35:00,421992,PROFILE_UPDATED,235643,235644,385130,252759,235642,10
2019-06-19 04:37:00,422262,PROFILE_UPDATED,14166,19939,21567,20948,11061,90
2019-06-19 04:42:00,294233,PROFILE_CREATED,42608,52258,42607,42584,42547,7
2019-06-19 10:38:00,404132,PROFILE_CREATED,10260,192565,7035,323209,3444,1
2019-06-19 10:38:00,404132,USER_UPDATED,10260,192565,7035,323209,3444,1
2019-06-19 20:02:00,421992,PROFILE_UPDATED,235643,235644,385130,252759,235642,5
2019-06-19 20:02:00,422262,PROFILE_UPDATED,14166,19939,21567,20948,11061,6
2019-06-19 20:46:00,421992,PROFILE_UPDATED,235643,235644,385130,252759,235642,5
2019-06-20 20:02:00,421992,PROFILE_UPDATED,235643,235644,385130,252759,235642,5
2019-06-21 13:50:00,433160,USER_CREATED,5927,396665,509470,56776,355462,1
2019-06-21 13:51:00,433160,PROFILE_CREATED,5927,396665,509470,56776,355462,4
2019-06-21 15:42:00,433160,USER_UPDATED,5927,396665,509470,56776,355462,1
2019-06-24 06:18:00,180009,PROFILE_UPDATED,343298,36,222737,214914,22780,2
2019-06-24 06:29:00,261470,PROFILE_CREATED,53866,42635,42666,52759,47692,1
2019-06-24 20:02:00,180009,PROFILE_UPDATED,343298,36,222737,214914,22780,2
2019-06-24 20:02:00,261470,PROFILE_UPDATED,53866,42635,42666,52759,47692,1
2019-06-24 20:46:00,261470,PROFILE_UPDATED,53866,42635,42666,52759,47692,1
2019-06-25 20:02:00,261470,PROFILE_UPDATED,53866,42635,42666,52759,47692,1
2019-06-25 20:46:00,261470,PROFILE_UPDATED,53866,42635,42666,52759,47692,1
2019-06-26 20:02:00,261470,PROFILE_UPDATED,53866,42635,42666,52759,47692,1
2019-06-26 20:47:00,261470,PROFILE_UPDATED,53866,42635,42666,52759,47692,1
2019-06-27 20:02:00,261470,PROFILE_UPDATED,53866,42635,42666,52759,47692,1
2019-06-27 20:46:00,261470,PROFILE_UPDATED,53866,42635,42666,52759,47692,1
2019-06-28 20:02:00,261470,PROFILE_UPDATED,53866,42635,42666,52759,47692,1
2019-06-28 20:46:00,261470,PROFILE_UPDATED,53866,42635,42666,52759,47692,1
2019-06-29 20:02:00,261470,PROFILE_UPDATED,53866,42635,42666,52759,47692,1
2019-06-30 20:02:00,196338,PROFILE_UPDATED,24387,5748,7935,15779,3093,112
2019-06-30 20:02:00,296487,PROFILE_UPDATED,16672,19591,23489,15779,18339,1
2019-07-01 20:46:00,196338,PROFILE_UPDATED,24387,5748,7935,3093,15779,17
2019-07-01 20:47:00,196338,PROFILE_UPDATED,24387,5748,7935,3093,15779,67
2019-07-01 20:48:00,196338,PROFILE_UPDATED,24387,5748,7935,3093,15779,28
2019-07-01 20:49:00,261470,PROFILE_UPDATED,53866,42635,42666,52759,47692,1
2019-07-02 20:02:00,196338,PROFILE_UPDATED,24387,5748,7935,15779,3093,112
2019-07-02 20:02:00,261470,PROFILE_UPDATED,53866,42635,42666,52759,47692,1
2019-07-02 20:46:00,196338,PROFILE_UPDATED,24387,5748,7935,3093,15779,14
2019-07-02 20:47:00,196338,PROFILE_UPDATED,24387,5748,7935,3093,15779,60
2019-07-02 20:48:00,196338,PROFILE_UPDATED,24387,5748,7935,3093,15779,38
2019-07-03 20:02:00,196338,PROFILE_UPDATED,24387,5748,7935,15779,3093,112
2019-07-03 20:47:00,196338,PROFILE_UPDATED,24387,5748,7935,3093,15779,49
2019-07-03 20:48:00,196338,PROFILE_UPDATED,24387,5748,7935,3093,15779,63
2019-07-04 20:02:00,196338,PROFILE_UPDATED,24387,5748,7935,15779,3093,112
2019-07-04 20:47:00,196338,PROFILE_UPDATED,24387,5748,7935,15779,3093,65
2019-07-04 20:48:00,196338,PROFILE_UPDATED,24387,5748,7935,15779,3093,47
2019-07-05 20:02:00,196338,PROFILE_UPDATED,24387,5748,7935,15779,3093,112
2019-07-05 20:46:00,196338,PROFILE_UPDATED,24387,5748,7935,15779,3093,15
2019-07-05 20:47:00,196338,PROFILE_UPDATED,24387,5748,7935,15779,3093,72
2019-07-05 20:48:00,196338,PROFILE_UPDATED,24387,5748,7935,15779,3093,25
2019-07-06 20:02:00,196338,PROFILE_UPDATED,24387,5748,7935,15779,3093,112
2019-07-08 20:46:00,196338,PROFILE_UPDATED,24387,5748,7935,15779,3093,9
2019-07-08 20:47:00,196338,PROFILE_UPDATED,24387,5748,7935,15779,3093,68
2019-07-08 20:48:00,196338,PROFILE_UPDATED,24387,5748,7935,15779,3093,35
2019-07-09 20:02:00,196338,PROFILE_UPDATED,24387,5748,7935,15779,3093,112
2019-07-10 13:18:00,196338,PROFILE_UPDATED,24387,5748,7935,15779,3093,1
2019-07-10 20:02:00,196338,PROFILE_UPDATED,24387,5748,7935,15779,3093,1
2019-07-12 10:13:00,435485,PROFILE_CREATED,12024,13197,215170,10012,11952,5
2019-07-12 10:13:00,435485,USER_CREATED,12024,13197,215170,10012,11952,1
2019-07-12 10:14:00,435485,PROFILE_CREATED,12024,13197,215170,10012,11952,2
2019-07-12 10:15:00,435493,PROFILE_CREATED,12024,13197,215170,10012,11952,6
2019-07-12 10:15:00,435493,USER_CREATED,12024,13197,215170,10012,11952,1
2019-07-12 10:16:00,435493,PROFILE_CREATED,12024,13197,215170,10012,11952,1
2019-07-12 13:04:00,435485,USER_UPDATED,12024,13197,215170,10012,11952,1
2019-07-12 13:06:00,435485,USER_UPDATED,12024,13197,215170,10012,11952,1
2019-07-12 13:11:00,435493,USER_UPDATED,12024,13197,215170,10012,11952,1
2019-07-12 13:14:00,435493,USER_UPDATED,12024,13197,215170,10012,11952,1
2019-07-15 07:35:00,276734,USER_UPDATED,52557,40951,42633,42413,42616,1
2019-07-16 07:18:00,421992,PROFILE_UPDATED,235644,385130,252759,235643,235642,2
2019-07-16 07:19:00,421992,PROFILE_UPDATED,235644,252759,385130,235643,235642,1
2019-07-16 07:21:00,421992,PROFILE_UPDATED,235644,252759,235643,385130,235642,2
2019-07-25 07:11:00,298708,PROFILE_CREATED,056931,026931,999998,046931,56776,1
2019-07-31 20:02:00,180009,PROFILE_UPDATED,343298,36,222737,214914,22780,1
2019-07-31 20:02:00,196338,PROFILE_UPDATED,24387,5748,7935,15779,3093,1
2019-07-31 20:02:00,296487,PROFILE_UPDATED,16672,23489,15779,18339,192733,1
2019-08-07 06:08:00,278583,PROFILE_CREATED,10193,4100,7956,8561,213984,1
2019-08-07 11:16:00,435493,USER_UPDATED,12024,13197,215170,10012,11952,1
2019-08-22 20:46:00,180009,PROFILE_CREATED,343298,36,222737,214914,22780,1
2019-08-22 20:46:00,180009,PROFILE_UPDATED,343298,36,222737,214914,22780,3
2019-08-23 20:02:00,180009,PROFILE_UPDATED,343298,36,222737,214914,22780,3
2019-08-23 20:46:00,180009,PROFILE_UPDATED,343298,36,222737,214914,22780,3
2019-08-24 20:02:00,180009,PROFILE_UPDATED,343298,36,222737,214914,22780,3
2019-08-26 20:46:00,180009,PROFILE_UPDATED,343298,36,222737,214914,22780,3
2019-08-27 09:08:00,180009,PROFILE_UPDATED,343298,36,222737,214914,22780,6
2019-08-27 20:02:00,180009,PROFILE_UPDATED,343298,36,222737,214914,22780,3
2019-08-27 20:46:00,180009,PROFILE_UPDATED,343298,36,222737,214914,22780,3
2019-08-28 20:02:00,180009,PROFILE_UPDATED,343298,36,222737,214914,22780,3
2019-08-28 20:46:00,180009,PROFILE_UPDATED,343298,36,222737,214914,22780,3
2019-08-29 20:02:00,180009,PROFILE_UPDATED,343298,36,222737,214914,22780,3
2019-08-29 20:46:00,180009,PROFILE_UPDATED,343298,36,222737,214914,22780,3
2019-08-30 06:47:00,435485,PROFILE_CREATED,12024,13197,23172,215170,10012,1
2019-08-30 06:47:00,435485,USER_UPDATED,12024,13197,23172,215170,10012,1
2019-08-30 06:47:00,435493,PROFILE_CREATED,12024,13197,23172,215170,10012,1
2019-08-30 06:47:00,435493,USER_UPDATED,12024,13197,23172,215170,10012,1
2019-08-30 20:02:00,180009,PROFILE_UPDATED,343298,36,222737,214914,22780,3
2019-09-05 05:06:00,196338,PROFILE_UPDATED,24387,5748,7935,3093,15779,52
2019-09-05 05:07:00,196338,PROFILE_CREATED,24387,5748,7935,3093,15779,2
2019-09-05 05:07:00,196338,PROFILE_UPDATED,24387,5748,7935,3093,15779,61
2019-09-05 05:08:00,180009,PROFILE_CREATED,343298,36,222737,214914,22780,14
2019-09-05 05:08:00,180009,PROFILE_UPDATED,343298,36,222737,214914,22780,48
2019-09-05 05:08:00,196338,PROFILE_UPDATED,24387,5748,7935,15779,3093,1
2019-09-05 05:29:00,276734,PROFILE_CREATED,52557,40951,42413,42616,42523,1
2019-09-05 05:29:00,276734,PROFILE_CREATED,52557,40951,42523,42633,42616,1
2019-09-05 05:29:00,276734,PROFILE_CREATED,52557,40951,42523,42633,42631,1
2019-09-05 05:29:00,276734,PROFILE_CREATED,52557,40951,42616,42523,42633,2
2019-09-05 05:29:00,276734,PROFILE_CREATED,52557,40951,42633,42413,42616,1
2019-09-05 05:29:00,276734,PROFILE_UPDATED,52557,40951,42633,42413,42616,13
2019-09-05 05:33:00,261470,PROFILE_UPDATED,42666,53866,42635,52759,47692,1
2019-09-05 05:34:00,261470,PROFILE_CREATED,42666,42667,52439,42635,52759,7
2019-09-05 10:34:00,276734,USER_UPDATED,40951,52557,42523,42633,42616,1
2019-09-05 10:43:00,439490,USER_CREATED,40951,52557,42523,42633,42616,1
2019-09-05 10:44:00,439490,USER_UPDATED,40951,52557,42523,42633,42616,2
2019-09-05 10:45:00,439490,USER_UPDATED,40951,52557,42523,42633,42616,1
2019-09-05 10:46:00,439490,PROFILE_CREATED,40951,52557,42523,42633,42616,10
2019-09-05 10:49:00,439501,PROFILE_CREATED,40951,52557,42523,42633,42616,14
2019-09-05 10:49:00,439501,USER_CREATED,40951,52557,42523,42633,42616,1
2019-09-05 10:50:00,439490,PROFILE_CREATED,40951,52557,42523,42633,42616,4
2019-09-05 10:51:00,439501,USER_UPDATED,40951,52557,42523,42633,42616,1
2019-09-05 10:53:00,439501,PROFILE_CREATED,40951,52557,42523,42633,42616,14
2019-09-05 10:53:00,439501,USER_UPDATED,40951,52557,42523,42633,42616,1
2019-09-05 10:54:00,439501,PROFILE_DELETED,40951,52557,42523,42633,42616,28
2019-09-05 10:54:00,439501,USER_DELETED,40951,52557,42523,42633,42616,1
2019-09-05 10:55:00,439490,PROFILE_DELETED,40951,52557,42523,42633,42616,14
2019-09-05 10:55:00,439490,USER_DELETED,40951,52557,42523,42633,42616,1
2019-09-05 11:00:00,439534,PROFILE_CREATED,40951,52557,42523,42633,42616,14
2019-09-05 11:00:00,439534,USER_CREATED,40951,52557,42523,42633,42616,1
2019-09-05 11:01:00,439534,PROFILE_DELETED,40951,52557,42523,42633,42616,14
2019-09-05 11:01:00,439534,USER_DELETED,40951,52557,42523,42633,42616,1
2019-09-05 11:03:00,439549,PROFILE_CREATED,40951,52557,42523,42633,42616,14
2019-09-05 11:03:00,439549,USER_CREATED,40951,52557,42523,42633,42616,1
2019-09-05 11:08:00,439549,USER_UPDATED,40951,52557,42523,42633,42616,1
2019-09-05 11:10:00,439549,USER_UPDATED,40951,52557,42523,42633,42616,1
2019-09-05 20:02:00,180009,PROFILE_UPDATED,343298,36,222737,214914,22780,48
2019-09-05 20:02:00,196338,PROFILE_UPDATED,24387,5748,7935,15779,3093,112
2019-09-05 20:02:00,261470,PROFILE_UPDATED,42666,42667,52439,42635,51547,1
2019-09-26 16:09:00,409555,USER_UPDATED,5927,509470,56776,355462,396665,1
2019-09-26 20:46:00,401328,PROFILE_CREATED,267893,342914,211243,267878,363480,2
2019-09-26 20:46:00,401328,PROFILE_CREATED,342914,211243,267878,363480,016931,2
2019-09-26 20:46:00,401328,PROFILE_UPDATED,267893,342914,211243,267878,363480,4
2019-09-26 20:46:00,401328,PROFILE_UPDATED,342914,211243,267878,363480,016931,4
2019-09-27 20:02:00,401328,PROFILE_UPDATED,267893,342914,211243,267878,363480,5
2019-09-27 20:46:00,401328,PROFILE_UPDATED,267893,342914,211243,267878,363480,25
2019-09-28 20:02:00,401328,PROFILE_UPDATED,267893,342914,211243,267878,363480,5
2019-09-30 08:22:00,276734,USER_UPDATED,52557,40951,42633,42416,42631,1
2019-09-30 08:36:00,439549,PROFILE_DELETED,40951,52557,42633,42416,42631,14
2019-09-30 08:36:00,439549,USER_DELETED,40951,52557,42633,42416,42631,1
2019-09-30 20:46:00,401328,PROFILE_UPDATED,267893,342914,211243,267878,363480,25
2019-10-01 10:23:00,435485,USER_UPDATED,13197,10012,12024,23172,15029,1
2019-10-01 20:02:00,401328,PROFILE_UPDATED,267893,342914,211243,267878,363480,5
2019-10-01 20:47:00,401328,PROFILE_UPDATED,267893,342914,211243,267878,363480,25
2019-10-02 14:08:00,401328,USER_UPDATED,267893,342914,211243,267878,363480,1
2019-10-02 14:09:00,401328,PROFILE_CREATED,267893,342914,211243,267878,363480,2
2019-10-02 14:09:00,401328,PROFILE_DELETED,267893,342914,211243,267878,363480,2
2019-10-02 14:10:00,401328,PROFILE_DELETED,267893,342914,211243,267878,363480,3
2019-10-02 14:14:00,401328,PROFILE_DELETED,267893,342914,211243,267878,363480,5
2019-10-02 20:47:00,401328,PROFILE_CREATED,267893,342914,211243,267878,363480,2
2019-10-02 20:47:00,401328,PROFILE_CREATED,342914,211243,267878,343121,016931,2
2019-10-02 20:47:00,401328,PROFILE_CREATED,342914,211243,267878,363480,343121,2
2019-10-02 20:47:00,401328,PROFILE_UPDATED,267893,342914,211243,267878,363480,4
2019-10-02 20:47:00,401328,PROFILE_UPDATED,342914,211243,267878,343121,016931,4
2019-10-02 20:47:00,401328,PROFILE_UPDATED,342914,211243,267878,363480,343121,4
2019-10-03 12:40:00,284487,USER_UPDATED,196082,4579,18318,9055,23082,1
2019-10-03 20:02:00,401328,PROFILE_UPDATED,267893,342914,211243,267878,363480,5
2019-10-03 20:47:00,401328,PROFILE_UPDATED,267893,342914,211243,267878,363480,25
2019-10-04 20:02:00,401328,PROFILE_UPDATED,267893,342914,211243,267878,363480,5
2019-10-04 20:47:00,401328,PROFILE_CREATED,267893,342914,211243,267878,363480,10
2019-10-04 20:47:00,401328,PROFILE_UPDATED,267893,342914,211243,267878,363480,25
2019-10-05 20:02:00,401328,PROFILE_UPDATED,267893,342914,211243,267878,363480,5
2019-10-07 20:02:00,401328,PROFILE_UPDATED,267893,342914,211243,267878,363480,6
2019-10-08 10:50:00,435485,USER_UPDATED,13197,10012,12024,23172,15029,1
2019-10-09 05:00:00,401328,PROFILE_CREATED,267893,342914,211243,267878,363480,1
2019-10-09 13:06:00,401328,USER_UPDATED,267893,342914,211243,267878,363480,1
2019-10-09 20:46:00,196338,PROFILE_UPDATED,18034,7935,5918,22419,20929,1
2019-10-10 20:02:00,196338,PROFILE_UPDATED,18034,7935,5918,22419,20929,1
2019-10-10 20:46:00,196338,PROFILE_UPDATED,18034,7935,5918,20929,22419,1
2019-10-10 20:46:00,409555,PROFILE_UPDATED,5927,509470,56776,355462,396665,8
2019-10-11 20:02:00,196338,PROFILE_UPDATED,18034,7935,5918,22419,20929,1
2019-10-11 20:02:00,409555,PROFILE_UPDATED,5927,509470,56776,355462,396665,4
2019-10-11 20:46:00,196338,PROFILE_UPDATED,18034,7935,5918,20929,22419,1
2019-10-11 20:46:00,409555,PROFILE_UPDATED,5927,509470,56776,355462,396665,4
2019-10-12 20:02:00,196338,PROFILE_UPDATED,18034,7935,5918,22419,20929,1
2019-10-12 20:02:00,409555,PROFILE_UPDATED,5927,509470,56776,355462,396665,4
2019-10-14 10:18:00,442765,USER_CREATED,267893,342914,211243,267878,363480,1
2019-10-14 10:20:00,442765,PROFILE_CREATED,267893,342914,211243,267878,363480,1
2019-10-14 10:21:00,442765,USER_UPDATED,267893,342914,211243,267878,363480,1
2019-10-14 20:46:00,196338,PROFILE_UPDATED,18034,7935,5918,20929,22419,1
2019-10-14 20:47:00,409555,PROFILE_UPDATED,5927,509470,56776,355462,396665,4
2019-10-15 10:55:00,290306,USER_UPDATED,235387,254048,255153,392111,989898,1
2019-10-15 13:30:00,442765,USER_UPDATED,267893,342914,211243,267878,363480,1
2019-10-15 20:02:00,196338,PROFILE_UPDATED,18034,7935,5918,22419,20929,1
2019-10-15 20:02:00,290306,PROFILE_UPDATED,235387,254048,255153,392111,989898,3
2019-10-15 20:02:00,409555,PROFILE_UPDATED,5927,509470,56776,355462,396665,4
2019-10-15 20:46:00,196338,PROFILE_UPDATED,18034,7935,5918,20929,22419,1
2019-10-15 20:47:00,290306,PROFILE_UPDATED,235387,254048,255153,392111,989898,3
2019-10-15 20:47:00,409555,PROFILE_UPDATED,5927,509470,56776,355462,396665,4
2019-10-16 20:02:00,196338,PROFILE_UPDATED,18034,7935,5918,22419,20929,1
2019-10-16 20:02:00,290306,PROFILE_UPDATED,235387,254048,255153,392111,989898,3
2019-10-16 20:02:00,409555,PROFILE_UPDATED,5927,509470,56776,355462,396665,4
2019-10-16 20:46:00,196338,PROFILE_UPDATED,18034,7935,5918,20929,22419,1
2019-10-16 20:47:00,290306,PROFILE_UPDATED,235387,254048,255153,392111,989898,3
2019-10-16 20:47:00,409555,PROFILE_UPDATED,5927,509470,56776,355462,396665,4
2019-10-17 04:27:00,404132,USER_UPDATED,13100,12547,23915,374154,2877,1
2019-10-17 04:28:00,404132,PROFILE_CREATED,13100,12547,23915,374154,2877,1
2019-10-17 20:02:00,196338,PROFILE_UPDATED,18034,7935,5918,22419,20929,1
2019-10-17 20:02:00,290306,PROFILE_UPDATED,235387,254048,255153,392111,989898,3
2019-10-17 20:02:00,409555,PROFILE_UPDATED,5927,509470,56776,355462,396665,4
2019-10-17 20:46:00,290306,PROFILE_UPDATED,235387,254048,255153,392111,989898,3
2019-10-17 20:46:00,409555,PROFILE_UPDATED,5927,509470,56776,355462,396665,4
2019-10-18 13:12:00,442765,USER_UPDATED,267893,342914,211243,267878,363480,1
2019-10-18 13:13:00,442765,USER_UPDATED,267893,342914,211243,267878,363480,1
2019-10-18 13:23:00,442765,USER_UPDATED,267893,342914,211243,267878,363480,1
2019-10-18 20:02:00,290306,PROFILE_UPDATED,235387,254048,255153,392111,989898,2
2019-10-18 20:02:00,409555,PROFILE_UPDATED,5927,509470,56776,355462,396665,4
2019-10-18 20:46:00,290306,PROFILE_UPDATED,235387,254048,255153,392111,989898,2
2019-10-19 20:02:00,290306,PROFILE_UPDATED,235387,254048,255153,392111,989898,2
2019-10-21 12:19:00,290842,PROFILE_CREATED,36422,380049,22313,380407,16018,1
2019-10-21 12:19:00,290842,USER_UPDATED,36422,380049,22313,380407,16018,1
2019-10-21 20:46:00,290306,PROFILE_UPDATED,235387,254048,255153,392111,989898,2
2019-10-22 10:23:00,401328,PROFILE_DELETED,267893,342914,211243,267878,363480,1
2019-10-22 10:24:00,401328,PROFILE_DELETED,267893,342914,211243,267878,363480,4
2019-10-22 10:27:00,401328,PROFILE_DELETED,267893,342914,211243,267878,363480,2
2019-10-22 10:28:00,401328,PROFILE_DELETED,267893,342914,211243,267878,363480,1
2019-10-22 10:29:00,401328,PROFILE_DELETED,267893,342914,211243,267878,363480,6
2019-10-22 10:30:00,401328,PROFILE_DELETED,267893,342914,211243,267878,363480,1
2019-10-22 20:02:00,290306,PROFILE_UPDATED,235387,254048,255153,392111,989898,2
2019-10-22 20:46:00,290306,PROFILE_UPDATED,235387,254048,255153,392111,989898,2
2019-10-23 20:02:00,290306,PROFILE_UPDATED,235387,254048,255153,392111,989898,2
2019-10-23 20:46:00,290306,PROFILE_UPDATED,235387,254048,255153,392111,989898,2
2019-10-24 13:19:00,433160,USER_UPDATED,5927,509470,56776,355462,396665,1
2019-10-24 13:22:00,433160,USER_UPDATED,5927,509470,56776,355462,396665,1
2019-10-24 20:02:00,290306,PROFILE_UPDATED,235387,254048,255153,392111,989898,2
2019-10-24 20:46:00,290306,PROFILE_CREATED,235387,254048,255153,392111,989898,3
2019-10-24 20:46:00,290306,PROFILE_UPDATED,235387,254048,255153,392111,989898,2
2019-10-25 09:45:00,435493,USER_UPDATED,13197,10012,12024,23172,15029,1
2019-10-25 20:02:00,290306,PROFILE_UPDATED,235387,254048,255153,392111,989898,4
2019-10-25 20:46:00,290306,PROFILE_UPDATED,235387,254048,255153,392111,989898,4
2019-10-26 20:02:00,290306,PROFILE_UPDATED,235387,254048,255153,392111,989898,4
2019-10-28 22:46:00,290306,PROFILE_UPDATED,235387,254048,255153,392111,989898,4
2019-10-29 22:02:00,290306,PROFILE_UPDATED,235387,254048,255153,392111,989898,4
2019-10-29 22:46:00,401328,PROFILE_CREATED,267893,342914,211243,267878,363480,15
2019-10-30 16:47:00,290306,PROFILE_CREATED,235387,254048,255153,392111,989898,2
2019-10-30 16:48:00,290306,USER_UPDATED,235387,254048,255153,392111,989898,1
2019-10-31 22:02:00,401328,PROFILE_UPDATED,267893,342914,211243,267878,363480,5
2019-10-31 22:46:00,401328,PROFILE_UPDATED,267893,342914,211243,267878,363480,5
2019-11-05 12:06:00,290842,PROFILE_CREATED,36422,4252,380049,22313,380407,1
2019-11-05 12:06:00,290842,USER_UPDATED,36422,4252,380049,22313,380407,1
2019-11-06 14:40:00,444475,PROFILE_CREATED,267893,342914,211243,267878,363480,1
2019-11-06 14:40:00,444475,USER_CREATED,267893,342914,211243,267878,363480,1
2019-11-06 14:45:00,444475,USER_UPDATED,267893,342914,211243,267878,363480,1
2019-11-06 14:49:00,444475,PROFILE_CREATED,267893,342914,211243,267878,363480,2
2019-11-06 14:49:00,444475,PROFILE_DELETED,267893,342914,211243,267878,363480,2
2019-11-06 14:49:00,444475,USER_UPDATED,267893,342914,211243,267878,363480,1
2019-11-06 15:14:00,444475,USER_UPDATED,267893,342914,211243,267878,363480,1
2019-11-07 20:37:00,444612,USER_CREATED,5927,509470,56776,355462,396665,1
2019-11-07 20:38:00,444612,PROFILE_CREATED,5927,509470,56776,355462,396665,4
2019-11-07 20:38:00,444617,USER_CREATED,5927,509470,56776,355462,396665,1
2019-11-07 20:39:00,444617,PROFILE_CREATED,5927,509470,56776,355462,396665,4
2019-11-07 20:39:00,444622,USER_CREATED,5927,509470,56776,355462,396665,1
2019-11-07 20:40:00,444622,PROFILE_CREATED,5927,509470,56776,355462,396665,4
2019-11-07 20:40:00,444627,USER_CREATED,5927,509470,56776,355462,396665,1
2019-11-07 20:41:00,444627,PROFILE_CREATED,5927,509470,56776,355462,396665,5
2019-11-07 22:02:00,401328,PROFILE_UPDATED,267893,342914,211243,267878,363480,2
2019-11-07 22:02:00,442765,PROFILE_UPDATED,267893,342914,211243,267878,363480,1
2019-11-07 22:02:00,444475,PROFILE_UPDATED,267893,342914,211243,267878,363480,1
2019-11-08 07:43:00,401328,PROFILE_UPDATED,267893,342914,211243,267878,363480,1
2019-11-08 07:44:00,401328,PROFILE_UPDATED,267893,342914,211243,267878,363480,1
2019-11-08 07:44:00,442765,PROFILE_UPDATED,267893,342914,211243,267878,363480,1
2019-11-08 07:44:00,444475,PROFILE_UPDATED,267893,342914,211243,267878,363480,1
2019-11-08 11:12:00,444612,USER_UPDATED,5927,509470,56776,355462,396665,1
2019-11-08 11:16:00,444612,USER_UPDATED,5927,509470,56776,355462,396665,1
2019-11-08 11:23:00,444627,USER_UPDATED,5927,509470,56776,355462,396665,1
2019-11-08 11:32:00,444627,USER_UPDATED,5927,509470,56776,355462,396665,1
2019-11-08 12:26:00,444622,USER_UPDATED,5927,509470,56776,355462,396665,1
2019-11-08 12:29:00,444622,USER_UPDATED,5927,509470,56776,355462,396665,1
2019-11-10 22:02:00,290306,PROFILE_UPDATED,235387,254048,255153,392111,989898,2
2019-11-18 11:05:00,445764,USER_CREATED,267893,342914,211243,267878,363480,1
2019-11-18 11:06:00,445764,PROFILE_CREATED,267893,342914,211243,267878,363480,1
2019-11-18 11:06:00,445764,USER_UPDATED,267893,342914,211243,267878,363480,1
2019-11-18 11:07:00,445764,USER_UPDATED,267893,342914,211243,267878,363480,1
2019-11-19 09:26:00,290306,PROFILE_UPDATED,235387,254048,255153,392111,989898,2
2019-11-20 21:04:00,445977,PROFILE_CREATED,267893,342914,211243,267878,363480,1
2019-11-20 21:04:00,445977,USER_CREATED,267893,342914,211243,267878,363480,1
2019-11-20 21:06:00,445979,PROFILE_CREATED,267893,342914,211243,267878,363480,1
2019-11-20 21:06:00,445979,USER_CREATED,267893,342914,211243,267878,363480,1
2019-11-21 06:48:00,445977,USER_UPDATED,267893,342914,211243,267878,363480,1
2019-11-21 06:50:00,445977,USER_UPDATED,267893,342914,211243,267878,363480,1
2019-11-21 07:47:00,445979,USER_UPDATED,267893,342914,211243,267878,363480,1
2019-11-21 07:48:00,445979,USER_UPDATED,267893,342914,211243,267878,363480,1
2019-11-26 08:46:00,446285,PROFILE_CREATED,44902,42464,42535,42532,42539,4
2019-11-26 08:47:00,446285,PROFILE_CREATED,44902,42464,42535,42532,42539,3
2019-11-26 08:48:00,446285,PROFILE_CREATED,44902,42464,42535,42532,42539,5
2019-11-26 08:49:00,446285,PROFILE_CREATED,44902,42464,42535,42532,42339,3
2019-11-26 08:49:00,446285,PROFILE_CREATED,44902,42464,42535,42532,42539,3
2019-11-26 08:50:00,446285,PROFILE_CREATED,44902,42464,42535,42532,42339,4
2019-11-26 08:51:00,446285,PROFILE_CREATED,44902,42464,42535,42532,42339,6
2019-11-26 08:52:00,446285,PROFILE_CREATED,44902,42464,42535,42532,42339,5
2019-11-26 08:53:00,446285,PROFILE_CREATED,44902,42464,42535,42532,42339,5
2019-11-27 13:59:00,446593,PROFILE_CREATED,11304,11313,30533,7938,384993,2
2019-11-27 13:59:00,446593,PROFILE_CREATED,11304,13188,11313,30533,7938,2
2019-11-27 14:00:00,446593,PROFILE_CREATED,11304,13188,11313,30533,373040,2
2019-11-27 14:00:00,446593,PROFILE_CREATED,11304,18118,13188,373040,11313,2
2019-11-27 14:00:00,446593,PROFILE_CREATED,11304,37333,18118,13188,373040,2
2019-11-27 14:00:00,446593,PROFILE_CREATED,22522,11304,37333,18118,13188,2
2019-11-27 20:54:00,446641,USER_CREATED,267893,342914,211243,267878,363480,1
2019-11-27 20:55:00,446642,USER_CREATED,267893,342914,211243,267878,363480,1
2019-11-27 20:56:00,446642,PROFILE_CREATED,267893,342914,211243,267878,363480,1
2019-11-27 20:57:00,446641,PROFILE_CREATED,267893,342914,211243,267878,363480,1
2019-11-27 21:04:00,446641,PROFILE_CREATED,267893,342914,211243,267878,363480,1
2019-11-27 21:04:00,446641,PROFILE_DELETED,267893,342914,211243,267878,363480,1
2019-11-28 07:31:00,446641,USER_UPDATED,267893,342914,211243,267878,363480,1
2019-11-28 07:32:00,446641,USER_UPDATED,267893,342914,211243,267878,363480,1
2019-11-28 07:33:00,446642,USER_UPDATED,267893,342914,211243,267878,363480,1
2019-11-28 07:34:00,446642,USER_UPDATED,267893,342914,211243,267878,363480,1
2019-11-28 10:21:00,446641,USER_UPDATED,267893,342914,211243,267878,363480,1
2019-11-28 22:46:00,180009,PROFILE_UPDATED,194588,214914,20970,17523,222737,3
2019-11-29 22:02:00,180009,PROFILE_UPDATED,194588,214914,20970,17523,222737,3
2019-11-29 22:47:00,180009,PROFILE_UPDATED,194588,214914,20970,17523,222737,3
2019-11-30 22:02:00,180009,PROFILE_UPDATED,194588,214914,20970,17523,222737,3
2019-12-02 12:59:00,278583,PROFILE_CREATED,196082,4579,9055,23082,8118,1
2019-12-02 22:48:00,180009,PROFILE_UPDATED,194588,214914,20970,17523,222737,3
2019-12-03 07:58:00,447042,PROFILE_CREATED,267893,342914,211243,267878,363480,1
2019-12-03 07:58:00,447042,USER_CREATED,267893,342914,211243,267878,363480,1
2019-12-03 08:24:00,447042,USER_UPDATED,267893,342914,211243,267878,363480,1
2019-12-03 08:25:00,447042,USER_UPDATED,267893,342914,211243,267878,363480,1
2019-12-03 12:08:00,447350,USER_CREATED,196082,4579,9055,23082,8118,1
2019-12-03 12:11:00,447350,PROFILE_CREATED,196082,4579,9055,23082,8118,1
2019-12-03 12:11:00,447350,PROFILE_DELETED,196082,4579,9055,23082,8118,1
2019-12-03 12:11:00,447350,USER_DELETED,196082,4579,9055,23082,8118,1
2019-12-03 12:32:00,447042,USER_UPDATED,267893,342914,211243,267878,363480,1
2019-12-03 12:33:00,446593,USER_UPDATED,373040,22522,7938,18118,11313,1
2019-12-03 12:35:00,446593,USER_UPDATED,373040,22522,7938,18118,11313,1
2019-12-03 22:02:00,180009,PROFILE_UPDATED,194588,214914,20970,17523,222737,3
2019-12-03 22:02:00,290306,PROFILE_UPDATED,235387,254048,255153,392111,989898,2
2019-12-03 22:48:00,180009,PROFILE_UPDATED,194588,214914,20970,17523,222737,3
2019-12-04 22:02:00,180009,PROFILE_UPDATED,194588,214914,20970,17523,222737,3
2019-12-04 22:49:00,180009,PROFILE_UPDATED,194588,214914,20970,17523,222737,3
2019-12-05 22:02:00,180009,PROFILE_UPDATED,194588,214914,20970,17523,222737,3
2019-12-05 22:48:00,180009,PROFILE_UPDATED,194588,214914,20970,17523,222737,3
2019-12-06 08:39:00,405019,PROFILE_CREATED,31215,BL,894,BLEVILLE,VILLEENFANCESOLENE,1
2019-12-06 08:39:00,405019,USER_UPDATED,31215,BL,894,BLEVILLE,VILLEENFANCESOLENE,1
2019-12-06 08:39:00,405019,USER_UPDATED,BL,192733,894,BLEVILLE,VILLEENFANCESOLENE,1
2019-12-06 08:45:00,405019,PROFILE_DELETED,31215,BL,894,BLEVILLE,VILLEENFANCESOLENE,1
2019-12-06 08:50:00,405019,PROFILE_DELETED,31215,BL,894,BLEVILLE,VILLEENFANCESOLENE,1
2019-12-06 08:52:00,405019,PROFILE_CREATED,31215,BL,894,BLEVILLE,VILLEENFANCESOLENE,1
2019-12-06 08:52:00,405019,PROFILE_DELETED,31215,BL,894,BLEVILLE,VILLEENFANCESOLENE,1
2019-12-06 10:04:00,446285,USER_UPDATED,44902,42464,42535,42532,42339,1
2019-12-06 10:05:00,446285,USER_UPDATED,44902,42464,42535,42532,42339,1
2019-12-06 13:46:00,290306,PROFILE_UPDATED,235387,254048,255153,392111,989898,1
2019-12-06 13:48:00,422262,PROFILE_UPDATED,19939,21567,14166,20948,13832,6
2019-12-06 13:49:00,290306,PROFILE_UPDATED,254048,255153,392111,235387,989898,1
2019-12-06 21:50:00,290306,PROFILE_CREATED,254048,255153,235387,392111,989898,3
2019-12-06 21:50:00,290306,PROFILE_UPDATED,254048,255153,235387,392111,989898,2
2019-12-06 22:02:00,180009,PROFILE_UPDATED,194588,214914,20970,17523,222737,3
2019-12-07 22:02:00,290306,PROFILE_UPDATED,254048,255153,392111,235387,989898,2
2019-12-09 21:49:00,290306,PROFILE_UPDATED,254048,255153,235387,392111,989898,2
2019-12-09 21:49:00,290306,PROFILE_UPDATED,254048,255153,392111,235387,989898,2
2019-12-10 12:03:00,451601,PROFILE_CREATED,267893,342914,211243,267878,343121,1
2019-12-10 12:03:00,451601,USER_CREATED,267893,342914,211243,267878,343121,1
2019-12-10 12:04:00,451601,USER_UPDATED,267893,342914,211243,267878,343121,1
2019-12-10 12:06:00,451601,USER_UPDATED,267893,342914,211243,267878,343121,1
2019-12-10 21:47:00,290306,PROFILE_UPDATED,254048,255153,235387,392111,989898,2
2019-12-10 21:47:00,446285,PROFILE_UPDATED,44902,42464,42535,42532,42339,6
2019-12-10 22:02:00,290306,PROFILE_UPDATED,235387,254048,255153,392111,989898,2
2019-12-11 21:47:00,290306,PROFILE_UPDATED,254048,255153,392111,235387,989898,4
2019-12-11 21:48:00,446285,PROFILE_UPDATED,44902,42464,42535,42532,42339,24
2019-12-11 21:49:00,446285,PROFILE_UPDATED,44902,42464,42535,42532,42339,6
2019-12-11 22:02:00,290306,PROFILE_UPDATED,254048,255153,392111,235387,989898,2
2019-12-11 22:02:00,446285,PROFILE_UPDATED,44902,42464,42535,42532,42339,15
2019-12-12 21:47:00,401328,PROFILE_CREATED,267893,342914,211243,522750,267878,6
2019-12-12 21:48:00,290306,PROFILE_UPDATED,254048,255153,392111,235387,989898,1
2019-12-12 21:48:00,446285,PROFILE_UPDATED,44902,42464,42535,42532,42339,9
2019-12-12 21:49:00,446285,PROFILE_UPDATED,44902,42464,42535,42532,42339,6
2019-12-12 22:02:00,290306,PROFILE_UPDATED,254048,255153,392111,235387,989898,1
2019-12-12 22:02:00,446285,PROFILE_UPDATED,44902,42464,42535,42532,42339,15
2019-12-13 21:48:00,446285,PROFILE_UPDATED,44902,42464,42535,42532,42339,13
2019-12-13 21:49:00,446285,PROFILE_UPDATED,44902,42464,42535,42532,42339,2
2019-12-13 22:02:00,446285,PROFILE_UPDATED,44902,42464,42535,42532,42339,15
2019-12-16 21:48:00,180009,PROFILE_UPDATED,194588,214914,20970,17523,222737,1
2019-12-16 21:48:00,196338,PROFILE_UPDATED,18034,7935,5918,22419,20929,1
2019-12-16 21:48:00,296487,PROFILE_UPDATED,18034,20896,21511,20970,19334,1
2019-12-16 21:51:00,446285,PROFILE_UPDATED,44902,42464,42535,42532,42339,15
2019-12-16 22:02:00,446285,PROFILE_UPDATED,44902,42464,42535,42532,42339,15
2019-12-17 21:47:00,196338,PROFILE_UPDATED,18034,7935,5918,22419,20929,1
2019-12-17 21:47:00,401328,PROFILE_CREATED,267893,342914,211243,522750,267878,1
2019-12-17 21:50:00,446285,PROFILE_UPDATED,44902,42464,42535,42532,42339,9
2019-12-17 21:51:00,446285,PROFILE_UPDATED,44902,42464,42535,42532,42339,6
2019-12-17 22:02:00,196338,PROFILE_UPDATED,18034,7935,5918,22419,20929,1
2019-12-17 22:02:00,446285,PROFILE_UPDATED,44902,42464,42535,42532,42339,15
2019-12-18 21:47:00,196338,PROFILE_UPDATED,18034,7935,5918,22419,20929,1
2019-12-18 21:50:00,446285,PROFILE_UPDATED,44902,42464,42535,42532,42339,3
2019-12-18 21:51:00,446285,PROFILE_UPDATED,44902,42464,42535,42532,42339,9
2019-12-18 22:02:00,196338,PROFILE_UPDATED,18034,7935,5918,22419,20929,1
2019-12-18 22:02:00,446285,PROFILE_UPDATED,44902,42464,42535,42532,42339,12
2019-12-19 14:37:00,447042,USER_UPDATED,267893,342914,211243,267878,343121,1
2019-12-19 14:37:00,451601,USER_UPDATED,267893,342914,211243,267878,343121,1
2019-12-19 14:40:00,446642,USER_UPDATED,267893,342914,211243,267878,343121,1
2019-12-19 14:41:00,445977,USER_UPDATED,267893,342914,211243,267878,343121,1
2019-12-19 14:41:00,445979,USER_UPDATED,267893,342914,211243,267878,343121,1
2019-12-19 14:41:00,446641,USER_UPDATED,267893,342914,211243,267878,343121,1
2019-12-19 14:42:00,444475,USER_UPDATED,267893,342914,211243,267878,343121,1
2019-12-19 14:42:00,445764,USER_UPDATED,267893,342914,211243,267878,343121,1
2019-12-19 14:44:00,442765,USER_UPDATED,267893,342914,211243,267878,343121,1
2019-12-19 21:47:00,196338,PROFILE_UPDATED,18034,7935,5918,22419,20929,1
2019-12-19 22:02:00,196338,PROFILE_UPDATED,18034,7935,5918,22419,20929,1
2019-12-20 21:47:00,196338,PROFILE_UPDATED,18034,7935,5918,22419,20929,32
2019-12-20 21:47:00,296487,PROFILE_UPDATED,18034,20896,21511,20970,19334,1
2019-12-20 21:48:00,196338,PROFILE_UPDATED,18034,7935,5918,22419,20929,62
2019-12-20 21:49:00,196338,PROFILE_UPDATED,18034,7935,5918,22419,20929,18
2019-12-31 22:02:00,45382,PROFILE_UPDATED,ADICO,4591,1444,383902,16925,2
2020-01-01 21:48:00,180009,PROFILE_UPDATED,194588,214914,20970,17523,222737,3
2020-01-01 22:02:00,180009,PROFILE_UPDATED,194588,214914,20970,17523,222737,3
2020-01-01 22:02:00,270822,PROFILE_UPDATED,99999-HCOM,56776,99999-eenfanceJDES-100012,BLenfanceBergerLevraultVille,BLEVILLE,1
2020-01-01 22:02:00,286382,PROFILE_UPDATED,21139,894,Clairvillage,99999-eenfanceJDES-100012,BLEVILLE,1
2020-01-02 21:49:00,180009,PROFILE_UPDATED,194588,214914,20970,17523,222737,3
2020-01-02 22:02:00,180009,PROFILE_UPDATED,194588,214914,20970,17523,222737,3
2020-01-03 21:48:00,180009,PROFILE_UPDATED,194588,214914,20970,17523,222737,3
2020-01-03 22:02:00,180009,PROFILE_UPDATED,194588,214914,20970,17523,222737,3
2020-01-06 11:55:00,404132,USER_UPDATED,13100,12547,23915,374154,2877,1
2020-01-06 21:50:00,180009,PROFILE_UPDATED,194588,214914,20970,17523,222737,3
2020-01-06 22:02:00,180009,PROFILE_UPDATED,194588,214914,20970,17523,222737,3
2020-01-07 21:50:00,180009,PROFILE_UPDATED,194588,214914,20970,17523,222737,3
2020-01-07 22:02:00,180009,PROFILE_UPDATED,194588,214914,20970,17523,222737,3
2020-01-08 21:51:00,180009,PROFILE_UPDATED,194588,214914,20970,17523,222737,3
2020-01-09 08:35:00,290306,PROFILE_CREATED,254048,255153,392111,235387,989898,2
2020-01-09 08:55:00,290306,PROFILE_DELETED,254048,255153,392111,235387,989898,2
2020-01-09 08:55:00,290306,USER_UPDATED,254048,255153,392111,235387,513034,1
2020-01-10 22:02:00,180009,PROFILE_UPDATED,194588,214914,20970,17523,222737,3
2020-01-15 06:37:00,401554,PROFILE_CREATED,999992,999991,BL,999994,026931,5
2020-01-15 06:37:00,401554,USER_UPDATED,999992,999991,BL,999994,026931,1
2020-01-16 08:39:00,290306,PROFILE_CREATED,254048,255153,235387,392111,513034,1
2020-01-20 21:50:00,180009,PROFILE_UPDATED,194588,214914,20970,17523,222737,30
2020-01-21 05:58:00,401328,PROFILE_DELETED,267893,342914,211243,522750,267878,1
2020-01-21 05:58:00,401328,USER_UPDATED,267893,342914,211243,522750,267878,1
2020-01-21 05:59:00,401328,USER_UPDATED,267893,989898,342914,211243,522750,1
2020-01-21 06:02:00,401328,PROFILE_CREATED,267893,989898,342914,211243,522750,1
2020-01-21 07:32:00,405621,USER_UPDATED,BL,20329,56776,BLEVILLE,31207,1
2020-01-21 12:17:00,405621,USER_UPDATED,BL,20329,TEST2101,56776,BLEVILLE,1
2020-01-21 12:18:00,410058,PROFILE_CREATED,16867,TEST2101,BLenfanceBergerLevraultVille,BLEVILLE,894,1
2020-01-21 12:18:00,410058,USER_UPDATED,16867,TEST2101,BLenfanceBergerLevraultVille,BLEVILLE,894,1
2020-01-21 12:22:00,410058,USER_UPDATED,16867,TEST2101,BLenfanceBergerLevraultVille,BLEVILLE,894,1
2020-01-21 21:50:00,180009,PROFILE_UPDATED,194588,214914,20970,17523,222737,60
2020-01-21 22:02:00,180009,PROFILE_UPDATED,194588,214914,20970,17523,222737,30
2020-01-22 21:48:00,180009,PROFILE_UPDATED,194588,214914,20970,17523,222737,30
2020-01-22 22:02:00,180009,PROFILE_UPDATED,194588,214914,20970,17523,222737,30
2020-01-23 12:46:00,453720,PROFILE_CREATED,267893,989898,342914,211243,522750,1
2020-01-23 12:46:00,453720,USER_CREATED,267893,989898,342914,211243,522750,1
2020-01-23 21:49:00,180009,PROFILE_UPDATED,194588,214914,20970,17523,222737,30
2020-01-23 22:02:00,180009,PROFILE_UPDATED,194588,214914,20970,17523,222737,30
2020-01-24 21:49:00,180009,PROFILE_UPDATED,194588,214914,20970,17523,222737,30
2020-01-24 22:02:00,180009,PROFILE_UPDATED,194588,214914,20970,17523,222737,30
2020-01-27 12:47:00,405621,USER_UPDATED,BL,19422,20329,TEST2101,56776,1
2020-01-27 21:48:00,180009,PROFILE_UPDATED,194588,214914,20970,17523,222737,30
2020-01-27 22:02:00,180009,PROFILE_UPDATED,194588,214914,20970,17523,222737,30
2020-02-03 06:57:00,410058,USER_UPDATED,16867,TEST2101,BLenfanceBergerLevraultVille,BLEVILLE,894,1
2020-02-03 06:58:00,410058,PROFILE_CREATED,16867,TEST2101,BLenfanceBergerLevraultVille,BLEVILLE,894,2
2020-02-03 06:58:00,410058,PROFILE_DELETED,16867,TEST2101,BLenfanceBergerLevraultVille,BLEVILLE,894,1
2020-02-07 21:49:00,421992,PROFILE_CREATED,235642,235644,252759,235643,385130,5
2020-02-11 08:57:00,296166,PROFILE_CREATED,397017,215099,56776,215093,016931,1
2020-02-11 08:57:00,296166,USER_UPDATED,397017,215099,215114,56776,215093,1
2020-02-11 08:57:00,296166,USER_UPDATED,397017,215099,56776,215093,016931,1
2020-02-11 08:58:00,296166,PROFILE_CREATED,342710,397017,215099,215114,56776,2
2020-02-11 08:58:00,296166,PROFILE_CREATED,397017,215099,215114,56776,215093,1
2020-02-11 08:58:00,296166,USER_UPDATED,342710,397017,215099,215114,56776,2
2020-02-11 08:59:00,296166,USER_UPDATED,342710,397017,215099,215114,215165,1
2020-02-11 09:05:00,296166,PROFILE_CREATED,342710,397017,215099,215114,215165,1
2020-02-11 09:05:00,296166,PROFILE_CREATED,342710,397017,215099,215114,215167,1
2020-02-11 09:05:00,296166,USER_UPDATED,342710,397017,215099,215114,215167,1
2020-02-11 09:06:00,296166,PROFILE_CREATED,342710,397017,215099,215114,215082,1
2020-02-11 09:06:00,296166,PROFILE_CREATED,342710,397017,215163,215114,215167,1
2020-02-11 09:06:00,296166,USER_UPDATED,342710,397017,215099,215114,215082,1
2020-02-11 09:06:00,296166,USER_UPDATED,342710,397017,215099,215114,215167,1
2020-02-11 09:06:00,296166,USER_UPDATED,342710,397017,215163,215114,215167,1
2020-02-11 09:07:00,296166,PROFILE_CREATED,342710,397017,215163,215151,215114,3
2020-02-11 09:07:00,296166,USER_UPDATED,342710,397017,215163,215151,215114,3
2020-02-11 09:08:00,296166,PROFILE_CREATED,342710,397017,215163,215151,215114,1
2020-02-11 09:08:00,296166,USER_UPDATED,342710,397017,215163,215151,215114,3
2020-02-11 09:09:00,296166,PROFILE_CREATED,342710,397017,215163,215151,215160,1
2020-02-11 09:09:00,296166,PROFILE_CREATED,342710,397017,215163,215151,215169,1
2020-02-11 09:09:00,296166,USER_UPDATED,342710,397017,215163,215151,215160,1
2020-02-11 09:12:00,296166,USER_UPDATED,342710,397017,215163,215151,215160,1
2020-02-11 09:13:00,296166,PROFILE_CREATED,342710,397017,215163,215151,215160,1
2020-02-11 09:13:00,296166,USER_UPDATED,342710,397017,215163,215151,215160,1
2020-02-11 09:24:00,296166,PROFILE_DELETED,342710,397017,215163,215151,215160,10
2020-02-11 09:25:00,296166,PROFILE_DELETED,342710,397017,215163,215151,215160,7
2020-02-11 09:25:00,296166,USER_UPDATED,397017,215163,215151,215160,215169,1
2020-02-20 20:08:00,456533,PROFILE_CREATED,267893,989898,342914,211243,522750,1
2020-02-20 20:08:00,456533,USER_CREATED,267893,989898,342914,211243,522750,1
2020-02-20 20:17:00,456533,USER_UPDATED,267893,989898,342914,211243,522750,1
2020-02-20 20:41:00,456533,USER_UPDATED,267893,989898,342914,211243,522750,1
2020-02-20 20:50:00,456533,USER_UPDATED,267893,989898,342914,211243,522750,1
2020-02-21 21:46:00,401328,PROFILE_CREATED,267893,216986,235989,989898,342914,3
2020-02-21 21:46:00,401328,PROFILE_CREATED,267893,235989,989898,342914,211243,3
2020-02-21 21:46:00,401328,PROFILE_CREATED,267893,989898,342914,211243,522750,3
2020-02-26 21:47:00,456890,PROFILE_CREATED,235105,523036,266726,266534,237239,3
2020-02-26 22:02:00,456890,PROFILE_UPDATED,235105,523036,266726,266534,237239,10
2020-02-27 06:15:00,456890,USER_UPDATED,235105,523036,266726,266534,237239,1
2020-02-27 06:16:00,456890,USER_UPDATED,235105,523036,266726,266534,237239,1
2020-02-27 21:47:00,456890,PROFILE_UPDATED,235105,523036,266726,266534,237239,10
2020-02-27 22:02:00,456890,PROFILE_UPDATED,235105,523036,266726,266534,237239,10
2020-02-28 21:47:00,407447,PROFILE_CREATED,392383,523106,200270,523105,523103,3
2020-02-28 21:47:00,456890,PROFILE_UPDATED,235105,523036,266726,266534,237239,10
2020-02-28 21:48:00,269770,PROFILE_CREATED,41763,42446,43187,54041,42400,15
2020-02-28 22:02:00,407447,PROFILE_UPDATED,392383,523106,200270,523105,523103,8
2020-02-28 22:02:00,456890,PROFILE_UPDATED,235105,523036,266726,266534,237239,10
2020-02-29 22:02:00,92262,PROFILE_UPDATED,14936,CDC_LaMedullienne,56776,BLenfanceBergerLevraultVille,THOUARCE,1
2020-03-02 21:48:00,196338,PROFILE_UPDATED,18034,7935,5918,22419,20929,69
2020-03-02 21:49:00,196338,PROFILE_UPDATED,18034,7935,5918,22419,20929,110
2020-03-02 21:50:00,196338,PROFILE_UPDATED,18034,7935,5918,22419,20929,43
2020-03-02 21:51:00,269770,PROFILE_UPDATED,41763,42446,43187,54041,42400,95
2020-03-02 21:51:00,407447,PROFILE_UPDATED,392383,523106,200270,523105,523103,12
2020-03-02 21:51:00,456890,PROFILE_UPDATED,235105,523036,266726,266534,237239,15
2020-03-02 21:52:00,269770,PROFILE_UPDATED,41763,42446,43187,54041,42400,45
2020-03-03 08:12:00,430825,PROFILE_CREATED,215099,215151,215082,56776,215090,2
2020-03-03 08:12:00,430825,USER_UPDATED,215151,215099,215082,56776,215090,1
2020-03-03 08:13:00,430825,USER_UPDATED,215151,215099,215082,56776,215090,1
2020-03-03 08:15:00,430825,USER_UPDATED,215151,215099,215082,215092,56776,1
2020-03-03 08:15:00,430825,USER_UPDATED,215151,215099,215082,56776,215090,2
2020-03-03 08:16:00,430825,PROFILE_CREATED,215099,215151,215082,215092,56776,2
2020-03-03 08:16:00,430825,USER_UPDATED,215099,215151,215082,215092,56776,1
2020-03-03 08:17:00,430825,PROFILE_CREATED,215100,215099,215151,215082,215092,1
2020-03-03 08:17:00,430825,PROFILE_CREATED,215100,215099,215151,215114,215082,1
2020-03-03 08:17:00,430825,USER_UPDATED,215100,215151,215099,215082,215092,1
2020-03-03 08:17:00,430825,USER_UPDATED,215100,215151,215099,215082,215114,1
2020-03-03 08:17:00,430825,USER_UPDATED,215151,215099,215082,215092,56776,1
2020-03-03 08:18:00,430825,PROFILE_CREATED,215147,215100,215099,215151,215114,1
2020-03-03 08:18:00,430825,PROFILE_CREATED,215147,215100,215099,215151,215160,1
2020-03-03 08:18:00,430825,PROFILE_UPDATED,215147,215100,215099,215151,215114,1
2020-03-03 08:18:00,430825,USER_UPDATED,215147,215100,215099,215151,215082,2
2020-03-03 08:18:00,430825,USER_UPDATED,215147,215100,215099,215151,215160,1
2020-03-03 08:19:00,430825,PROFILE_CREATED,215147,215163,215100,215099,215151,1
2020-03-03 08:19:00,430825,PROFILE_CREATED,215163,215151,215160,215114,215092,1
2020-03-03 08:19:00,430825,PROFILE_CREATED,215163,215151,215160,215114,215167,1
2020-03-03 08:19:00,430825,USER_UPDATED,215147,215163,215100,215151,215099,1
2020-03-03 08:19:00,430825,USER_UPDATED,215163,215151,215160,215114,215092,1
2020-03-03 08:19:00,430825,USER_UPDATED,215163,215151,215160,215114,215167,1
2020-03-03 08:20:00,430825,PROFILE_CREATED,215163,215151,215160,215114,215167,1
2020-03-03 08:20:00,430825,PROFILE_CREATED,215163,215151,215160,215169,215114,2
2020-03-03 08:20:00,430825,USER_UPDATED,215163,215151,215160,215114,215167,1
2020-03-03 08:20:00,430825,USER_UPDATED,215163,215151,215160,215114,215169,1
2020-03-03 08:20:00,430825,USER_UPDATED,215163,215151,215160,215169,215114,2
2020-03-03 08:21:00,430825,PROFILE_CREATED,215163,215151,215160,215169,215114,2
2020-03-03 08:21:00,430825,PROFILE_CREATED,342710,215163,215151,215160,215169,1
2020-03-03 08:21:00,430825,USER_UPDATED,215163,215151,215160,215169,215114,1
2020-03-03 08:21:00,430825,USER_UPDATED,342710,215163,215151,215160,215261,1
2020-03-03 08:22:00,430825,PROFILE_CREATED,342710,215163,215151,215160,215169,1
2020-03-03 08:22:00,430825,USER_UPDATED,342710,215163,215151,215160,215169,1
2020-03-03 08:22:00,430825,USER_UPDATED,342710,397017,215163,215151,215160,1
2020-03-03 08:23:00,430825,PROFILE_CREATED,342710,397017,215163,215151,215160,1
2020-03-03 21:48:00,196338,PROFILE_UPDATED,18034,7935,5918,22419,20929,47
2020-03-03 21:49:00,196338,PROFILE_UPDATED,18034,7935,5918,22419,20929,107
2020-03-03 21:50:00,196338,PROFILE_UPDATED,18034,7935,5918,22419,20929,68
2020-03-03 21:51:00,269770,PROFILE_UPDATED,41763,42446,43187,54041,42400,60
2020-03-03 21:51:00,407447,PROFILE_UPDATED,392383,523106,200270,523105,523103,12
2020-03-03 21:51:00,456890,PROFILE_UPDATED,235105,523036,266726,266534,237239,15
2020-03-03 21:52:00,269770,PROFILE_CREATED,41763,42446,43187,54041,42400,36
2020-03-03 21:52:00,269770,PROFILE_CREATED,41763,51577,42446,43187,54041,20
2020-03-03 21:52:00,269770,PROFILE_DELETED,41763,42446,43187,54041,42400,18
2020-03-03 21:52:00,269770,PROFILE_UPDATED,41763,42446,43187,54041,42400,111
2020-03-03 21:53:00,269770,PROFILE_CREATED,41763,42446,43187,54041,42400,30
2020-03-03 21:53:00,269770,PROFILE_CREATED,53940,41763,42446,43187,54041,24
2020-03-03 21:53:00,269770,PROFILE_DELETED,41763,42446,43187,54041,42400,17
2020-03-03 21:53:00,269770,PROFILE_UPDATED,41763,42446,43187,54041,42400,34
2020-03-04 06:27:00,269770,PROFILE_UPDATED,41763,42446,43187,54041,42400,2
2020-03-04 21:48:00,196338,PROFILE_UPDATED,18034,7935,5918,22419,20929,27
2020-03-04 21:49:00,196338,PROFILE_UPDATED,18034,7935,5918,22419,20929,109
2020-03-04 21:50:00,196338,PROFILE_UPDATED,18034,7935,5918,22419,20929,86
2020-03-04 21:51:00,269770,PROFILE_UPDATED,41763,42446,43187,54041,42400,2
2020-03-04 21:51:00,407447,PROFILE_UPDATED,392383,523106,200270,523105,523103,12
2020-03-04 21:51:00,456890,PROFILE_UPDATED,235105,523036,266726,266534,237239,15
2020-03-04 21:52:00,269770,PROFILE_UPDATED,41763,42446,43187,54041,42400,125
2020-03-04 21:53:00,269770,PROFILE_UPDATED,41763,42446,43187,54041,42400,128
2020-03-04 21:54:00,269770,PROFILE_UPDATED,41763,42446,43187,54041,42400,25
2020-03-05 21:48:00,196338,PROFILE_UPDATED,18034,7935,5918,22419,20929,11
2020-03-05 21:49:00,196338,PROFILE_UPDATED,18034,7935,5918,22419,20929,113
2020-03-05 21:50:00,196338,PROFILE_UPDATED,18034,7935,5918,22419,20929,98
2020-03-05 21:51:00,422262,PROFILE_UPDATED,19939,21567,14166,20948,13832,65
2020-03-05 21:52:00,269770,PROFILE_UPDATED,41763,42446,43187,54041,42400,67
2020-03-05 21:52:00,407447,PROFILE_UPDATED,392383,523106,200270,523105,523103,12
2020-03-05 21:52:00,422262,PROFILE_UPDATED,19939,21567,14166,20948,13832,31
2020-03-05 21:52:00,456890,PROFILE_UPDATED,235105,523036,266726,266534,237239,15
2020-03-05 21:53:00,269770,PROFILE_UPDATED,41763,42446,43187,54041,42400,124
2020-03-05 21:54:00,269770,PROFILE_UPDATED,41763,42446,43187,54041,42400,89
2020-03-06 21:49:00,196338,PROFILE_UPDATED,18034,7935,5918,22419,20929,103
2020-03-06 21:50:00,196338,PROFILE_UPDATED,18034,7935,5918,22419,20929,104
2020-03-06 21:51:00,196338,PROFILE_UPDATED,18034,7935,5918,22419,20929,15
2020-03-06 21:52:00,269770,PROFILE_UPDATED,41763,42446,43187,54041,42400,35
2020-03-06 21:52:00,407447,PROFILE_UPDATED,392383,523106,200270,523105,523103,9
2020-03-06 21:52:00,422262,PROFILE_UPDATED,19939,21567,14166,20948,13832,96
2020-03-06 21:52:00,456890,PROFILE_UPDATED,235105,523036,266726,266534,237239,15
2020-03-06 21:53:00,269770,PROFILE_UPDATED,41763,42446,43187,54041,42400,123
2020-03-06 21:54:00,269770,PROFILE_UPDATED,41763,42446,43187,54041,42400,122
2020-03-09 15:01:00,458294,PROFILE_CREATED,267893,216986,235989,989898,342914,2
2020-03-09 15:01:00,458294,PROFILE_DELETED,267893,216986,235989,989898,342914,1
2020-03-09 15:01:00,458294,USER_CREATED,267893,216986,235989,989898,342914,1
2020-03-09 15:03:00,458298,PROFILE_CREATED,267893,216986,235989,989898,342914,1
2020-03-09 15:03:00,458298,USER_CREATED,267893,216986,235989,989898,342914,1
2020-03-09 15:06:00,458300,PROFILE_CREATED,267893,216986,235989,989898,342914,1
2020-03-09 15:06:00,458300,USER_CREATED,267893,216986,235989,989898,342914,1
2020-03-09 15:07:00,458302,USER_CREATED,267893,216986,235989,989898,342914,1
2020-03-09 15:08:00,458302,PROFILE_CREATED,267893,216986,235989,989898,342914,1
2020-03-09 15:09:00,458304,PROFILE_CREATED,267893,216986,235989,989898,342914,1
2020-03-09 15:09:00,458304,USER_CREATED,267893,216986,235989,989898,342914,1
2020-03-09 15:11:00,458306,USER_CREATED,267893,216986,235989,989898,342914,1
2020-03-09 15:12:00,458306,PROFILE_CREATED,267893,216986,235989,989898,342914,2
2020-03-09 15:12:00,458306,PROFILE_DELETED,267893,216986,235989,989898,342914,1
2020-03-09 15:13:00,458308,PROFILE_CREATED,267893,216986,235989,989898,342914,1
2020-03-09 15:13:00,458308,USER_CREATED,267893,216986,235989,989898,342914,1
2020-03-09 22:02:00,407447,PROFILE_UPDATED,392383,523106,200270,523105,523103,2
2020-03-09 22:48:00,196338,PROFILE_UPDATED,18034,7935,5918,22419,20929,11
2020-03-09 22:49:00,196338,PROFILE_UPDATED,18034,7935,5918,22419,20929,109
2020-03-09 22:50:00,196338,PROFILE_UPDATED,18034,7935,5918,22419,20929,102
2020-03-09 22:51:00,422262,PROFILE_UPDATED,19939,21567,14166,20948,13832,41
2020-03-09 22:52:00,269770,PROFILE_UPDATED,41763,42446,43187,54041,42400,65
2020-03-09 22:52:00,407447,PROFILE_UPDATED,392383,523106,200270,523105,523103,9
2020-03-09 22:52:00,422262,PROFILE_UPDATED,19939,21567,14166,20948,13832,55
2020-03-09 22:52:00,456890,PROFILE_UPDATED,235105,523036,266726,266534,237239,15
2020-03-09 22:53:00,269770,PROFILE_UPDATED,41763,42446,43187,54041,42400,75
2020-03-10 09:24:00,410058,PROFILE_CREATED,16867,TEST2101,BLenfanceBergerLevraultVille,BLEVILLE,894,1
2020-03-10 09:24:00,410058,PROFILE_DELETED,16867,TEST2101,BLenfanceBergerLevraultVille,BLEVILLE,894,1
2020-03-10 09:25:00,410058,USER_UPDATED,16867,TEST2101,BLenfanceBergerLevraultVille,BLEVILLE,894,1
2020-03-10 09:40:00,410058,PROFILE_UPDATED,16867,TEST2101,BLenfanceBergerLevraultVille,BLEVILLE,894,2
2020-03-10 09:40:00,410058,USER_UPDATED,16867,TEST2101,BLenfanceBergerLevraultVille,31207,BLEVILLE,2
2020-03-10 10:17:00,410058,PROFILE_UPDATED,16867,TEST2101,BLenfanceBergerLevraultVille,BLEVILLE,894,1
2020-03-10 10:17:00,410058,USER_UPDATED,16867,TEST2101,BLenfanceBergerLevraultVille,31207,BLEVILLE,1
2020-03-10 12:00:00,410058,PROFILE_UPDATED,16867,TEST2101,BLenfanceBergerLevraultVille,BLEVILLE,894,1
2020-03-10 12:00:00,410058,USER_UPDATED,16867,TEST2101,BLenfanceBergerLevraultVille,31207,BLEVILLE,1
2020-03-10 12:04:00,410058,PROFILE_UPDATED,16867,TEST2101,BLenfanceBergerLevraultVille,BLEVILLE,894,1
2020-03-10 12:04:00,410058,USER_UPDATED,16867,TEST2101,BLenfanceBergerLevraultVille,31207,BLEVILLE,1
2020-03-10 12:41:00,405621,PROFILE_DELETED,BL,19422,20329,TEST2101,56776,1
2020-03-10 12:42:00,405621,PROFILE_CREATED,BL,19422,20329,TEST2101,56776,1
2020-03-10 12:45:00,405621,PROFILE_DELETED,BL,19422,20329,TEST2101,56776,1
2020-03-10 12:47:00,410058,PROFILE_DELETED,16867,TEST2101,BLenfanceBergerLevraultVille,BLEVILLE,894,2
2020-03-10 12:47:00,410058,USER_UPDATED,16867,BLenfanceBergerLevraultVille,BLEVILLE,31207,894,1
2020-03-10 12:47:00,410058,USER_UPDATED,16867,TEST2101,BLenfanceBergerLevraultVille,31207,BLEVILLE,1
2020-03-10 22:48:00,422262,PROFILE_UPDATED,19939,21567,14166,20948,13832,95
2020-03-10 22:49:00,269770,PROFILE_UPDATED,41763,42446,43187,54041,42400,85
2020-03-10 22:49:00,407447,PROFILE_UPDATED,392383,523106,200270,523105,523103,9
2020-03-10 22:49:00,422262,PROFILE_UPDATED,19939,21567,14166,20948,13832,1
2020-03-10 22:49:00,456890,PROFILE_UPDATED,235105,523036,266726,266534,237239,15
2020-03-10 22:50:00,269770,PROFILE_UPDATED,41763,42446,43187,54041,42400,111
2020-03-11 22:48:00,269770,PROFILE_UPDATED,41763,42446,43187,54041,42400,47
2020-03-11 22:48:00,407447,PROFILE_UPDATED,392383,523106,200270,523105,523103,9
2020-03-11 22:48:00,422262,PROFILE_UPDATED,19939,21567,14166,20948,13832,96
2020-03-11 22:48:00,456890,PROFILE_UPDATED,235105,523036,266726,266534,237239,15
2020-03-11 22:49:00,269770,PROFILE_UPDATED,41763,42446,43187,54041,42400,9
2020-03-12 22:47:00,422262,PROFILE_UPDATED,19939,21567,14166,20948,13832,86
2020-03-12 22:48:00,269770,PROFILE_UPDATED,41763,42446,43187,54041,42400,56
2020-03-12 22:48:00,407447,PROFILE_UPDATED,392383,523106,200270,523105,523103,14
2020-03-12 22:48:00,422262,PROFILE_UPDATED,19939,21567,14166,20948,13832,10
2020-03-12 22:48:00,456890,PROFILE_UPDATED,235105,523036,266726,266534,237239,15
2020-03-12 22:49:00,290306,PROFILE_UPDATED,254048,255153,235387,392111,513034,3
2020-03-13 22:47:00,269770,PROFILE_UPDATED,41763,42446,43187,54041,42400,49
2020-03-13 22:47:00,407447,PROFILE_UPDATED,392383,523106,200270,523105,523103,12
2020-03-13 22:47:00,456890,PROFILE_UPDATED,235105,523036,266726,266534,237239,15
2020-03-13 22:48:00,269770,PROFILE_UPDATED,41763,42446,43187,54041,42400,7
2020-03-13 22:48:00,290306,PROFILE_UPDATED,254048,255153,235387,392111,513034,3
2020-03-16 22:47:00,269770,PROFILE_UPDATED,41763,42446,43187,54041,42400,56
2020-03-16 22:47:00,407447,PROFILE_UPDATED,392383,523106,200270,523105,523103,12
2020-03-16 22:47:00,456890,PROFILE_UPDATED,235105,523036,266726,266534,237239,15
2020-03-16 22:48:00,290306,PROFILE_UPDATED,254048,255153,235387,392111,513034,3
2020-03-17 22:47:00,269770,PROFILE_UPDATED,41763,42446,43187,54041,42400,45
2020-03-17 22:47:00,407447,PROFILE_UPDATED,392383,523106,200270,523105,523103,12
2020-03-17 22:47:00,456890,PROFILE_UPDATED,235105,523036,266726,266534,237239,15
2020-03-17 22:48:00,269770,PROFILE_UPDATED,41763,42446,43187,54041,42400,11
2020-03-17 22:48:00,290306,PROFILE_UPDATED,254048,255153,235387,392111,513034,3
2020-03-18 22:47:00,290306,PROFILE_UPDATED,254048,255153,235387,392111,513034,3
2020-03-18 22:47:00,407447,PROFILE_UPDATED,392383,523106,200270,523105,523103,12
2020-03-18 22:47:00,456890,PROFILE_UPDATED,235105,523036,266726,266534,237239,15
2020-03-19 22:46:00,407447,PROFILE_UPDATED,392383,523106,200270,523105,523103,12
2020-03-19 22:47:00,290306,PROFILE_UPDATED,254048,255153,235387,392111,513034,3
2020-03-19 22:47:00,456890,PROFILE_UPDATED,235105,523036,266726,266534,237239,15
2020-03-20 22:47:00,456890,PROFILE_UPDATED,235105,523036,266726,266534,237239,15
2020-03-22 22:02:00,407447,PROFILE_UPDATED,392383,523106,200270,523105,523103,8
2020-03-23 22:47:00,290306,PROFILE_UPDATED,254048,255153,235387,392111,513034,3
2020-03-23 22:47:00,407447,PROFILE_UPDATED,392383,523106,200270,523105,523103,12
2020-03-23 22:47:00,456890,PROFILE_UPDATED,235105,523036,266726,266534,237239,15
2020-03-24 22:47:00,290306,PROFILE_UPDATED,254048,255153,235387,392111,513034,3
2020-03-24 22:47:00,456890,PROFILE_UPDATED,235105,523036,266726,266534,237239,15
2020-03-25 13:36:00,401310,PROFILE_CREATED,989898,026931,56776,016931,036931,3
2020-03-25 13:36:00,401310,USER_UPDATED,989898,026931,56776,016931,036931,1
